{"cameraMode":{"drawMode":0,"name":"Shaded","section":"Shading Mode"},"sceneLighting":false,"audioPlay":false,"sceneViewState":{"showFog":true,"showMaterialUpdate":false,"showSkybox":false,"showFlares":true,"showImageEffects":true,"showParticleSystems":true},"in2DMode":false,"pivot":{"x":0.30000007152557375,"y":-0.615899920463562,"z":-14.77438735961914},"rotation":{"x":0.002464688615873456,"y":0.9920282363891602,"z":-0.12446177750825882,"w":0.019645730033516885},"size":1.0428719520568848,"orthographic":false}