{"cameraMode":{"drawMode":0,"name":"Shaded","section":"Shading Mode"},"sceneLighting":true,"audioPlay":false,"sceneViewState":{"showFog":false,"showMaterialUpdate":false,"showSkybox":false,"showFlares":false,"showImageEffects":false,"showParticleSystems":false},"in2DMode":false,"pivot":{"x":-6.3547492027282719,"y":5.845236301422119,"z":7.066356658935547},"rotation":{"x":0.03758269175887108,"y":-0.9351593255996704,"z":0.33639833331108096,"w":0.10451119393110275},"size":1.547508955001831,"orthographic":true}