{"cameraMode":{"drawMode":0,"name":"Shaded","section":"Shading Mode"},"sceneLighting":false,"audioPlay":false,"sceneViewState":{"showFog":false,"showMaterialUpdate":false,"showSkybox":false,"showFlares":false,"showImageEffects":false,"showParticleSystems":false},"in2DMode":false,"pivot":{"x":-0.530517578125,"y":1.1657652854919434,"z":0.7628411054611206},"rotation":{"x":0.1833573281764984,"y":-0.7151373028755188,"z":0.2039460688829422,"w":0.6429460048675537},"size":1.7607035636901856,"orthographic":true}