{"cameraMode":{"drawMode":0,"name":"Shaded","section":"Shading Mode"},"sceneLighting":true,"audioPlay":false,"sceneViewState":{"showFog":false,"showMaterialUpdate":false,"showSkybox":false,"showFlares":false,"showImageEffects":false,"showParticleSystems":false},"in2DMode":false,"pivot":{"x":-0.1989760398864746,"y":-0.4700777530670166,"z":0.2532116174697876},"rotation":{"x":0.1315421611070633,"y":0.5403872132301331,"z":-0.08599311113357544,"w":0.8266181945800781},"size":2.3203928470611574,"orthographic":false}